{"cameraMode":{"drawMode":0,"name":"Shaded","section":"Shading Mode"},"sceneLighting":false,"audioPlay":false,"sceneViewState":{"m_AlwaysRefresh":true,"showFog":true,"showSkybox":false,"showFlares":true,"showImageEffects":true,"showParticleSystems":true,"showVisualEffectGraphs":true,"m_FxEnabled":true},"in2DMode":false,"pivot":{"x":0.055183589458465579,"y":0.9653493165969849,"z":-3.5762786865234377e-7},"rotation":{"x":-0.04991181939840317,"y":0.9150834083557129,"z":-0.12052303552627564,"w":-0.38179922103881838},"size":1.2812196016311646,"orthographic":false}